{
  "us": 0.6666666666666666,
  "cn": 0.5714285714285714,
  "eu": 0.625,
  "sg": 1.0,
  "br": 0.5625,
  "un": 1.0,
  "cl": 0.4,
  "it": 0.5,
  "tr": 0.6363636363636364,
  "ar": 0.8,
  "fr": 0.625,
  "ca": 0.0,
  "co": 0.0,
  "sa": 0.2857142857142857,
  "ph": 0.5,
  "kr": 0.0,
  "ua": 0.0,
  "th": 0.5714285714285714
}